taq,cycles,sample_name,total_seqs,at_rate,ag_rate,ac_rate,ta_rate,tg_rate,tc_rate,ga_rate,gt_rate,gc_rate,ca_rate,ct_rate,cg_rate,at_seq_prev,ag_seq_prev,ac_seq_prev,ta_seq_prev,tg_seq_prev,tc_seq_prev,ga_seq_prev,gt_seq_prev,gc_seq_prev,ca_seq_prev,ct_seq_prev,cg_seq_prev
ACC,15x,DNA1,45,0.007729468599033816,0.006938954765041722,0.002898550724637681,0.00720245937637242,0.006411945542380325,0.007992973210364514,0.0062362758014931925,0.003689064558629776,0.0034255599472990776,0.0025472112428634166,0.007729468599033816,0.0021958717610891525,0.4444444444444444,0.35555555555555557,0.3111111111111111,0.35555555555555557,0.3333333333333333,0.4444444444444444,0.37777777777777777,0.28888888888888886,0.35555555555555557,0.3333333333333333,0.5555555555555556,0.3333333333333333
ACC,15x,DNA2,22,0.007905138339920948,0.006108515989938915,0.0021559468199784403,0.007905138339920948,0.005569529284944304,0.006827164929931728,0.0073661516349263385,0.005569529284944304,0.004671218109953288,0.0017966223499820337,0.005928853754940711,0.004132231404958678,0.36363636363636365,0.4090909090909091,0.3181818181818182,0.4090909090909091,0.4090909090909091,0.4090909090909091,0.4090909090909091,0.36363636363636365,0.4090909090909091,0.3181818181818182,0.36363636363636365,0.36363636363636365
ACC,15x,DNA3,24,0.005105401844532279,0.005599472990777339,0.001976284584980237,0.005105401844532279,0.005105401844532279,0.004940711462450593,0.003458498023715415,0.004446640316205534,0.002635046113306983,0.0013175230566534915,0.003129117259552042,0.0021409749670619235,0.25,0.25,0.16666666666666666,0.25,0.25,0.25,0.2916666666666667,0.25,0.25,0.20833333333333334,0.25,0.25
ACC,15x,DNA4,30,0.0011857707509881424,0.002766798418972332,9.22266139657444e-4,0.0011857707509881424,0.002898550724637681,0.0022397891963109352,0.002503293807641634,9.22266139657444e-4,0.0011857707509881424,0.001054018445322793,0.001844532279314888,0.0013175230566534915,0.13333333333333333,0.13333333333333333,0.06666666666666667,0.13333333333333333,0.13333333333333333,0.13333333333333333,0.16666666666666666,0.06666666666666667,0.13333333333333333,0.06666666666666667,0.16666666666666666,0.13333333333333333
ACC,20x,DNA1,211,0.0019481492582047056,0.0021167390978570357,5.619661321744343e-4,0.0018170238273640042,0.002004345871422149,0.002154203506668665,0.0021167390978570357,0.001610969578900045,0.0010490034467256107,8.054847894500225e-4,0.0017795594185523753,0.0010115390379139817,0.11848341232227488,0.10426540284360189,0.07582938388625593,0.0995260663507109,0.0947867298578199,0.0995260663507109,0.11374407582938388,0.10426540284360189,0.10426540284360189,0.08530805687203792,0.13270142180094788,0.09004739336492891
ACC,20x,DNA2,202,0.0022501369648587305,0.002895828441731236,5.478594349221257e-4,0.0020349064725678954,0.002602332315880097,0.0027392971746106284,0.002211004148078579,0.0016240118963763012,0.0011739845034045551,9.978868278938719e-4,0.0017218439383266807,8.804883775534163e-4,0.10396039603960396,0.11386138613861387,0.0594059405940594,0.10891089108910891,0.10891089108910891,0.10891089108910891,0.12376237623762376,0.10891089108910891,0.10891089108910891,0.10891089108910891,0.11386138613861387,0.09405940594059406
ACC,20x,DNA3,207,8.019246190858059e-4,5.918967426585711e-4,3.2458853629663574e-4,6.682705159048383e-4,6.682705159048383e-4,8.019246190858059e-4,7.446442891511055e-4,7.446442891511055e-4,4.96429526100737e-4,3.4368197960820253e-4,8.210180623973727e-4,4.391491961660366e-4,0.043478260869565216,0.043478260869565216,0.033816425120772944,0.043478260869565216,0.043478260869565216,0.043478260869565216,0.04830917874396135,0.043478260869565216,0.043478260869565216,0.043478260869565216,0.043478260869565216,0.03864734299516908
ACC,20x,DNA4,189,0.0011083924127402388,0.0016521320869146957,2.091306439132526e-4,0.0012547838634795157,0.0016312190225233703,0.0013593491854361418,0.0010038270907836125,8.992617688269862e-4,6.901311249137336e-4,3.764351590438547e-4,6.901311249137336e-4,6.273919317397579e-4,0.05291005291005291,0.06349206349206349,0.021164021164021163,0.06878306878306878,0.0582010582010582,0.0582010582010582,0.06349206349206349,0.0582010582010582,0.0582010582010582,0.047619047619047616,0.05291005291005291,0.0582010582010582
ACC,25x,DNA1,19853,3.822562235593669e-5,5.196295539010144e-5,1.4533700166580094e-5,3.105831816419856e-5,4.41983758490518e-5,4.698566081250551e-5,5.415296500424364e-5,2.8071941417641006e-5,2.070554544279904e-5,1.3339149467957073e-5,4.26056415842211e-5,1.234369055243789e-5,0.0024681408351382664,0.0035259154787689517,0.002165919508386642,0.001964438623885559,0.0031733239308920566,0.003122953709766786,0.006245907419533572,0.00271999194076462,0.0020148088450108294,0.001712587518259205,0.00478517100690072,0.0016118470760086636
ACC,25x,DNA2,15280,3.3369116753107337e-5,4.7854934878487266e-5,1.2933766183374937e-5,3.0006337545429853e-5,4.604420761281477e-5,4.604420761281477e-5,4.8889636173157264e-5,2.664355833775237e-5,1.7848597333057413e-5,1.5779194743717425e-5,3.673189596078482e-5,1.5003168772714927e-5,0.0018324607329842932,0.0034031413612565444,0.0014397905759162303,0.001963350785340314,0.0024869109947643978,0.0022905759162303663,0.006544502617801047,0.002683246073298429,0.0017015706806282722,0.001963350785340314,0.004777486910994764,0.0016361256544502618
ACC,25x,DNA3,16759,2.1697928979848284e-5,2.900918765784064e-5,9.669729219280214e-6,2.0046999600946783e-5,2.9480881766098213e-5,2.7829952387196712e-5,4.339585795969657e-5,1.7688529059658927e-5,8.726341002765072e-6,9.433882165151428e-6,3.3018587578029995e-5,6.1320234073484285e-6,0.001312727489707023,0.002864132704815323,0.0013723969210573423,0.0011933886270063846,0.0025061161167134077,0.0022077689599618116,0.005489587684229369,0.0017304135091592578,9.547109016051077e-4,0.001312727489707023,0.004534876782624262,7.160331762038307e-4
ACC,25x,DNA4,13979,2.9971569421647673e-5,3.7323086449598987e-5,1.2158278161611792e-5,3.3081826625780925e-5,3.3364577280702124e-5,4.128159561849585e-5,5.541912836455607e-5,3.025432007656888e-5,2.0640797809247925e-5,1.5268535365745042e-5,4.5805606097235124e-5,1.6965039295272268e-5,0.002217612132484441,0.0030760426353816438,0.0017168610057944058,0.0020745403820015738,0.002360683882967308,0.0029329708848987767,0.00579440589455612,0.002718363259174476,0.0018599327562772731,0.0024322197582087417,0.004363688389727448,0.0015022533800701052
ACC,30x,A,27569,1.0465982831773806e-5,2.5519793754188185e-5,4.5878280906405725e-6,1.1182830970936396e-5,1.8064573106897255e-5,2.0645226407882578e-5,5.333350155369666e-5,1.1756309482266468e-5,7.025111763793377e-6,7.168481391625895e-6,3.598577658596199e-5,5.878154741133234e-6,0.00126954187674562,0.0032282636294388625,7.97997751097247e-4,0.001015633501396496,0.0013058145017954949,0.0026116290035909898,0.008596612136820342,0.0014871776270448693,7.254525009974972e-4,0.0011607240015959956,0.006093801008378977,5.440893757481229e-4
ACC,30x,B,42980,3.669317096865741e-5,3.761279931373654e-5,1.7840789894535182e-5,2.869240436646895e-5,4.506178890887752e-5,4.451001190183004e-5,7.761663232467883e-5,2.446211397910494e-5,1.3242648169139517e-5,1.223105698955247e-5,7.108727107461698e-5,1.2598908327584123e-5,0.002280130293159609,0.004932526756630991,0.0019078641228478363,0.002303396928804095,0.0025593299208934387,0.004327594229874361,0.010004653327128897,0.003001395998138669,0.0018380642159143788,0.0018380642159143788,0.008980921358771522,0.0016053978594695207
ACC,30x,C,20873,7.763854598531078e-6,1.9314955342687075e-5,7.5744922912498325e-6,1.0983013822312257e-5,1.3065999202405962e-5,1.4770259967937174e-5,6.286828601737361e-5,1.0983013822312257e-5,3.7872461456249163e-6,1.7042607655312125e-6,3.995544683634287e-5,3.7872461456249163e-6,0.0010060844152733196,0.0032577971542183683,0.0015809897954295023,0.0017726249221482297,0.0018205337038279116,0.002587074210702822,0.009821300244334787,0.0020600776122263213,3.832702534374551e-4,3.353614717577732e-4,0.007521678723710056,6.707229435155464e-4
ACC,30x,D,35095,1.2163460693776767e-5,2.9958153190227966e-5,4.617610078193032e-6,1.205083605772328e-5,1.588007368354189e-5,1.8808314220932595e-5,4.392360806086055e-5,1.0811965061134905e-5,5.969105710834896e-6,4.84285935030001e-6,3.108439955076285e-5,4.730234714246521e-6,0.0011967516740276393,0.004302607209004132,6.838580994443653e-4,0.0010542812366433965,0.0013107280239350336,0.00216555064824049,0.007265992306596381,0.0015101866362729733,6.268699244906682e-4,9.118107992591537e-4,0.00532839435817068,5.413876620601225e-4
ACC,30x,DNA1,656,2.4703557312252963e-4,6.326520775089174e-4,8.435361033452231e-5,4.398438253157235e-4,3.9766702014846237e-4,5.603489829364696e-4,6.748288826761785e-4,3.2536392557601466e-4,1.5665670490697e-4,1.325556733828208e-4,7.832835245348501e-4,1.7473247855008195e-4,0.01524390243902439,0.04878048780487805,0.01524390243902439,0.04878048780487805,0.05030487804878049,0.04725609756097561,0.04725609756097561,0.018292682926829267,0.013719512195121951,0.01676829268292683,0.05030487804878049,0.018292682926829267
ACC,30x,DNA10,334,7.928431117317113e-4,4.970061297422669e-4,1.5383523063451117e-4,7.218422360542447e-4,4.2600525406480015e-4,6.153409225380447e-4,6.153409225380447e-4,4.0233829550564455e-4,3.4317089910775565e-4,1.0650131351620004e-4,5.206730883014224e-4,2.3666958559155564e-4,0.03293413173652695,0.03592814371257485,0.02694610778443114,0.03293413173652695,0.02694610778443114,0.038922155688622756,0.041916167664670656,0.03592814371257485,0.029940119760479042,0.023952095808383235,0.03592814371257485,0.029940119760479042
ACC,30x,DNA2,755,7.852786430385048e-5,1.4135015574693086e-4,4.188152762872026e-5,1.2564458288616078e-4,1.7276130146847107e-4,1.5705572860770097e-4,2.1987802005078136e-4,1.5182053765411092e-4,8.899824621103054e-5,8.376305525744051e-5,1.5182053765411092e-4,9.423343716462057e-5,0.005298013245033113,0.007947019867549669,0.007947019867549669,0.007947019867549669,0.007947019867549669,0.009271523178807948,0.013245033112582781,0.009271523178807948,0.007947019867549669,0.009271523178807948,0.011920529801324504,0.006622516556291391
ACC,30x,DNA3,411,7.693491306354824e-4,7.597322665025388e-4,2.0195414679181412e-4,8.751346360978612e-4,7.116479458378212e-4,8.751346360978612e-4,5.289275273118941e-4,5.193106631789506e-4,3.558239729189106e-4,1.8272041852592706e-4,5.673949838436682e-4,2.596553315894753e-4,0.0364963503649635,0.0364963503649635,0.024330900243309004,0.0364963503649635,0.031630170316301706,0.0364963503649635,0.0364963503649635,0.031630170316301706,0.0364963503649635,0.029197080291970802,0.0364963503649635,0.0364963503649635
ACC,30x,DNA4,602,2.2323333792931383e-4,2.6919314279711374e-4,8.53539233259141e-5,2.9545588843585654e-4,2.4949608356805665e-4,3.0202157484554223e-4,3.348500068939707e-4,2.4293039715837092e-4,1.707078466518282e-4,9.19196097355998e-5,3.348500068939707e-4,1.6414216024214251e-4,0.011627906976744186,0.016611295681063124,0.011627906976744186,0.014950166112956811,0.016611295681063124,0.016611295681063124,0.02823920265780731,0.013289036544850499,0.014950166112956811,0.013289036544850499,0.026578073089700997,0.011627906976744186
ACC,30x,DNA5,711,9.450482252550241e-5,9.450482252550241e-5,1.6677321622147483e-5,1.0562303694026739e-4,1.0562303694026739e-4,1.1118214414764989e-4,1.000639297328849e-4,9.450482252550241e-5,4.447285765905995e-5,1.1118214414764988e-5,1.2230035856241489e-4,3.891375045167746e-5,0.005625879043600563,0.004219409282700422,0.0028129395218002813,0.004219409282700422,0.004219409282700422,0.004219409282700422,0.011251758087201125,0.008438818565400843,0.005625879043600563,0.0028129395218002813,0.012658227848101266,0.004219409282700422
ACC,30x,DNA6,305,4.406142681267414e-4,3.628588090455517e-4,1.0367394544158621e-4,3.3694032268515516e-4,3.4989956586535347e-4,4.017365385861466e-4,3.628588090455517e-4,2.5918486360396555e-4,2.5918486360396555e-4,6.479621590099139e-5,2.5918486360396555e-4,1.6847016134257758e-4,0.019672131147540985,0.03278688524590164,0.013114754098360656,0.019672131147540985,0.019672131147540985,0.019672131147540985,0.019672131147540985,0.019672131147540985,0.019672131147540985,0.013114754098360656,0.019672131147540985,0.013114754098360656
ACC,30x,DNA7,168,0.0042585229277933324,0.0039056066630590784,0.001294026304025598,0.003717384655200809,0.003623273651271675,0.004799661200385855,0.004446744935651601,0.002964496623767734,0.001976331082511823,8.94054537326777e-4,0.0042820506787756155,0.0020469143354586734,0.20833333333333334,0.22023809523809523,0.14285714285714285,0.21428571428571427,0.21428571428571427,0.22023809523809523,0.2261904761904762,0.19642857142857142,0.20238095238095238,0.13095238095238096,0.22023809523809523,0.19642857142857142
ACC,30x,DNA8,271,8.021819348628269e-4,6.563306739786766e-4,1.8960663914939545e-4,6.709158000670916e-4,4.8130916091769613e-4,8.45937313128072e-4,6.417455478902615e-4,4.5213890874086607e-4,3.2087277394513073e-4,2.771173956798857e-4,6.709158000670916e-4,2.625322695914706e-4,0.03690036900369004,0.03690036900369004,0.025830258302583026,0.03690036900369004,0.033210332103321034,0.03690036900369004,0.03690036900369004,0.033210332103321034,0.03690036900369004,0.025830258302583026,0.033210332103321034,0.033210332103321034
ACC,30x,DNA9,222,6.409571626962931e-4,4.985222376526724e-4,3.02674215717694e-4,4.8071787202221987e-4,5.697397001744828e-4,7.833920877399138e-4,7.655877221094613e-4,4.8071787202221987e-4,2.3145675319588362e-4,1.9584802193497845e-4,7.121746252181035e-4,2.848698500872414e-4,0.03153153153153153,0.03153153153153153,0.02252252252252252,0.03153153153153153,0.03153153153153153,0.04054054054054054,0.04954954954954955,0.04054054054054054,0.03153153153153153,0.03153153153153153,0.03153153153153153,0.03153153153153153
ACC,35x,DNA1,53655,1.6059245355434195e-5,3.8674788126619044e-5,8.471620256307028e-6,1.849023203767882e-5,2.401520177005297e-5,2.622518966300263e-5,7.020394873270086e-5,2.1289550035415058e-5,9.944945518273468e-6,7.955956414618775e-6,4.72200746460244e-5,9.355615413486894e-6,0.0018637592023110613,0.006448606839996272,0.0017519336501723977,0.0023483365949119373,0.0030752026838132512,0.003485229708321685,0.011462119094213028,0.0035411424843910166,0.0012114434815021899,0.001453732177802628,0.007827788649706457,0.001546920137918181
ACC,35x,DNA2,50390,2.1021779269278247e-5,5.475075346998588e-5,1.2314997557002554e-5,2.0551142419966046e-5,3.8278463744058896e-5,3.3258337351395434e-5,8.816596977115205e-5,3.1924866278344205e-5,1.3020952830970854e-5,1.1373723858378156e-5,5.3260403447163916e-5,1.4668181803563553e-5,0.0025203413375669776,0.008017463782496527,0.0025203413375669776,0.0030363167295098235,0.004465171661043858,0.0042667195872196865,0.013316134153601906,0.005378051200635047,0.0015479261758285373,0.0019845207382417148,0.008870807699940465,0.002024211153006549
ACC,35x,DNA3,55696,1.5754618551588498e-5,4.073491463338648e-5,9.722444781836146e-6,1.5967518802285642e-5,2.2567426573897037e-5,1.916102256274277e-5,8.232143026956153e-5,2.398676157854465e-5,6.883774772540921e-6,6.103140519984734e-6,4.612838765104741e-5,7.096675023238063e-6,0.0021545532892846882,0.007469118069520253,0.002082734846308532,0.00231614478598104,0.0036986498132720483,0.0027650100545820165,0.013663458776213732,0.004847744900890549,8.977305372019535e-4,0.001256822752082735,0.008833668486067222,0.001059322033898305
ACC,35x,DNA4,45945,4.774568120957102e-5,8.964144111778919e-5,2.1679120116778195e-5,5.2993404729902254e-5,8.852307381017762e-5,6.710203845669441e-5,1.1252495679661062e-4,6.194034319079484e-5,1.9528413755986707e-5,3.363704748277886e-5,5.402574378308217e-5,1.9356357247123386e-5,0.0035912504080966375,0.009337251061051257,0.0033300685602350635,0.0037000761780389595,0.004984220263358363,0.0047230384154967895,0.013624986396778758,0.005985417346827729,0.0025247578626618784,0.002960060942431168,0.009097834367178148,0.0026771139405811295
K,15x,DNA1,60,0.009156785243741765,0.00994729907773386,0.0038866930171277997,0.00935441370223979,0.008629776021080369,0.009881422924901186,0.0070487483530961795,0.005270092226613966,0.004084321475625824,0.002042160737812912,0.0070487483530961795,0.0030303030303030303,0.48333333333333334,0.43333333333333335,0.3333333333333333,0.43333333333333335,0.4166666666666667,0.45,0.4666666666666667,0.43333333333333335,0.43333333333333335,0.2833333333333333,0.48333333333333334,0.3333333333333333
K,15x,DNA2,80,0.009831044363205216,0.013635016302736884,0.002470111649046537,0.011214306886671278,0.013140993972927577,0.0133386029048513,0.008991206402529395,0.008101966208872642,0.005187234462997728,0.0029641339788558443,0.008200770674834502,0.00464380990020749,0.575,0.5125,0.275,0.4875,0.5125,0.5,0.5,0.5,0.5,0.3875,0.6375,0.425
K,15x,DNA3,72,0.013778338914201022,0.01833452269857825,0.003952352198495911,0.014601745622221003,0.017566009771092937,0.018608991601251578,0.014821320744359665,0.01092386232639842,0.007191085250041171,0.004446396223307899,0.0117472690344184,0.0061481034198825274,0.7083333333333334,0.8194444444444444,0.3888888888888889,0.6805555555555556,0.6805555555555556,0.7916666666666666,0.8055555555555556,0.6944444444444444,0.6805555555555556,0.625,0.7916666666666666,0.6527777777777778
K,15x,DNA4,66,0.009282548808240507,0.01006108515989939,0.002335609054976644,0.010240747394897592,0.010600071864894,0.011198945981554678,0.007665588693256678,0.007426039046592406,0.004970655168283627,0.002575158701640915,0.007186489399928135,0.004431668463289016,0.45454545454545453,0.45454545454545453,0.25757575757575757,0.45454545454545453,0.4696969696969697,0.45454545454545453,0.4393939393939394,0.42424242424242425,0.45454545454545453,0.4090909090909091,0.45454545454545453,0.45454545454545453
K,20x,DNA1,338,0.0020581425263699513,0.002338798325420399,5.730055897279978e-4,0.0018593446687092173,0.002093224501251257,0.002362186308674603,0.0018125687022008093,0.0014968309282690554,0.0010758472296933835,7.718034473887317e-4,0.0017774867273195032,8.770493720326497e-4,0.12130177514792899,0.09763313609467456,0.0621301775147929,0.09763313609467456,0.09171597633136094,0.09763313609467456,0.10355029585798817,0.09763313609467456,0.09763313609467456,0.09171597633136094,0.12130177514792899,0.09467455621301775
K,20x,DNA2,256,0.005619885749575421,0.006901343214451135,0.0012968967114404817,0.005589007256445885,0.005017755133549483,0.006700633009109155,0.004585456229735989,0.004060521846533889,0.003288559518295507,0.0019299058205959549,0.005048633626679018,0.002655550409140034,0.28515625,0.29296875,0.1640625,0.2890625,0.28515625,0.29296875,0.27734375,0.27734375,0.28125,0.23828125,0.2890625,0.25390625
K,20x,DNA3,257,0.00502898974209126,0.00502898974209126,0.001245713055380404,0.004644510404010888,0.005182781477323408,0.005459606600741276,0.00442920197468588,0.003675622472048352,0.0028605262753179646,0.0014917798317518416,0.004198514371837657,0.002552942804853667,0.23735408560311283,0.245136186770428,0.14007782101167315,0.24124513618677043,0.245136186770428,0.245136186770428,0.245136186770428,0.24124513618677043,0.245136186770428,0.21011673151750973,0.245136186770428,0.23735408560311283
K,20x,DNA4,392,0.002631658549865392,0.0025610776692176615,7.360577553263358e-4,0.002480413805620255,0.0023896669590731724,0.002873650140657612,0.0019964306240358148,0.0017544390332435947,0.0015830283230991056,8.570535507224457e-4,0.0021275094023816008,0.0012402069028101274,0.125,0.12755102040816327,0.08928571428571429,0.12755102040816327,0.125,0.12755102040816327,0.125,0.125,0.12755102040816327,0.11224489795918367,0.12755102040816327,0.11734693877551021
K,25x,DNA1,511,0.0012607999504961982,0.0011911852293031567,3.790134820510044e-4,0.0011061005700672168,0.001129305477131564,0.0012685349195176473,9.668711276811337e-4,8.817864684451938e-4,6.884122429089671e-4,3.480736059652081e-4,9.90076034745481e-4,5.414478315014348e-4,0.06262230919765166,0.060665362035225046,0.0410958904109589,0.060665362035225046,0.05675146771037182,0.060665362035225046,0.060665362035225046,0.060665362035225046,0.060665362035225046,0.050880626223091974,0.06457925636007827,0.0547945205479452
K,25x,DNA2,1266,0.0015017452715317802,0.0016172641385726863,5.619836774963002e-4,0.0014268141145322734,0.0015704321654479946,0.0016797067694056087,0.0015048674030734262,0.0011832878542838766,8.117542008279893e-4,5.463730197880697e-4,0.0014205698514489812,6.962353337870832e-4,0.08056872037914692,0.08372827804107424,0.05924170616113744,0.08056872037914692,0.07898894154818326,0.08056872037914692,0.08293838862559241,0.08056872037914692,0.07977883096366509,0.06951026856240126,0.08214849921011058,0.0703001579778831
K,25x,DNA3,1048,0.0012370589677346358,0.001154085500386581,0.00030926474193365894,0.0010484829055799657,0.001078655075524713,0.0012785457014086632,0.0010560259480661524,9.089366195855098e-4,6.75102302513719e-4,4.337249429557412e-4,9.956816081766581e-4,5.468705802485432e-4,0.05820610687022901,0.05916030534351145,0.04007633587786259,0.05916030534351145,0.05916030534351145,0.05916030534351145,0.05820610687022901,0.05725190839694656,0.05629770992366412,0.05343511450381679,0.060114503816793896,0.05534351145038168
K,25x,DNA4,1485,6.494405229593194e-4,6.57425447421934e-4,2.2091624346567016e-4,5.855611272584028e-4,6.201624665963994e-4,6.97350069735007e-4,6.946884282474688e-4,4.6046397734410765e-4,3.460133933799653e-4,2.1825460197813195e-4,5.855611272584028e-4,3.2738190296719794e-4,0.032996632996632996,0.032996632996632996,0.02356902356902357,0.032996632996632996,0.03164983164983165,0.03434343434343434,0.035016835016835016,0.03164983164983165,0.032996632996632996,0.027609427609427608,0.03367003367003367,0.03164983164983165
K,30x,DNA1,2225,0.001202644752596256,0.0011848804283333867,3.2686356643679633e-4,0.001088953077313892,0.0010782944827561704,0.001284360644205455,0.001007237185704693,8.40252537633721e-4,6.71491457136462e-4,3.9081513378312605e-4,9.308505913743548e-4,5.702348088381066e-4,0.056179775280898875,0.05887640449438202,0.039550561797752806,0.05707865168539326,0.05797752808988764,0.05797752808988764,0.05797752808988764,0.05707865168539326,0.05662921348314607,0.051235955056179776,0.060674157303370786,0.051235955056179776
K,30x,DNA10,4962,1.425849455787515e-4,1.6966811959929647e-4,5.575947592465143e-5,1.4577120134587443e-4,1.6409217200683135e-4,1.704646835410772e-4,1.5214371288012032e-4,1.1072238790752212e-4,8.124952206163494e-5,4.9386964390405544e-5,1.3939868981162855e-4,5.9742295633555097e-5,0.007658202337767029,0.009068923821039904,0.006045949214026602,0.007255139056831923,0.008464328899637243,0.008061265618702136,0.008464328899637243,0.007658202337767029,0.007859733978234583,0.006247480854494156,0.007859733978234583,0.006247480854494156
K,30x,DNA2,2834,9.093482957390338e-4,0.0010390559514196014,2.8870413683739263e-4,9.567682988910693e-4,9.302688853649318e-4,0.001140869487598972,7.852194639587055e-4,6.596959262033175e-4,4.755947374954149e-4,2.719676651366742e-4,7.81035346033526e-4,3.765706132661643e-4,0.04551870148200424,0.04763585038814397,0.03140437544107269,0.048341566690190546,0.04728299223712068,0.0465772759350741,0.04728299223712068,0.04551870148200424,0.04728299223712068,0.038461538461538464,0.04763585038814397,0.038108680310515175
K,30x,DNA3,514,0.0022378074101416508,0.0023916086067149603,5.7675448714991e-4,0.0021762869315123273,0.0019686553161383596,0.002260877589627647,0.0020686260939110105,0.0017148833417923992,0.0013457604700164566,6.767252649225611e-4,0.002007105615281687,0.0010381580768698381,0.12062256809338522,0.12062256809338522,0.0914396887159533,0.11867704280155641,0.12062256809338522,0.11673151750972763,0.12840466926070038,0.11478599221789883,0.11478599221789883,0.10116731517509728,0.1303501945525292,0.09922178988326848
K,30x,DNA4,1556,9.830643665839401e-4,0.0010186274186050647,2.5148158214938004e-4,9.170186985447091e-4,9.449610965613069e-4,0.0010618111246307159,9.017773905356558e-4,7.569849644496491e-4,5.029631642987601e-4,3.0736637818257564e-4,8.687545565160402e-4,4.191359702489668e-4,0.05205655526992288,0.04820051413881748,0.02956298200514139,0.04755784061696658,0.04755784061696658,0.04820051413881748,0.04948586118251928,0.04820051413881748,0.04755784061696658,0.04177377892030849,0.055269922879177376,0.04434447300771208
K,30x,DNA5,1840,0.0011342228103377535,0.0012867414079399894,2.7066680701241845e-4,0.00113851910886176,0.0011922228404118431,0.0012996303035120093,8.29185615133282e-4,7.239263012951192e-4,5.520743603348535e-4,2.7066680701241845e-4,8.248893166092752e-4,4.597039420687107e-4,0.05489130434782609,0.05489130434782609,0.029891304347826088,0.05271739130434783,0.05326086956521739,0.05271739130434783,0.05543478260869565,0.05271739130434783,0.05217391304347826,0.042934782608695654,0.05597826086956522,0.04456521739130435
K,30x,DNA6,2331,7.44393310973273e-4,8.105239240210125e-4,2.4247891450837825e-4,7.477846244629007e-4,7.494802812077145e-4,8.274804914691509e-4,6.341756225603739e-4,5.392188448507992e-4,4.103489322449478e-4,2.153484065913569e-4,6.290886523259324e-4,3.136964977905593e-4,0.03818103818103818,0.03861003861003861,0.02616902616902617,0.037752037752037754,0.03903903903903904,0.03732303732303732,0.037752037752037754,0.03689403689403689,0.03689403689403689,0.03003003003003003,0.04118404118404118,0.03088803088803089
K,30x,DNA7,4655,1.553853769623772e-4,2.0123679967258687e-4,4.924782439244742e-5,1.5368717612125835e-4,1.7236738537356597e-4,1.8255659042027924e-4,1.4944167401846113e-4,1.2227046056055913e-4,8.830644373818158e-5,5.519152733636349e-5,1.4774347317734226e-4,7.30226361681117e-5,0.009022556390977444,0.010526315789473684,0.005585392051557465,0.0079484425349087,0.008807733619763695,0.009237379162191191,0.00945220193340494,0.009237379162191191,0.0079484425349087,0.00816326530612245,0.009022556390977444,0.007733619763694952
K,30x,DNA8,1863,3.2672943832239286e-4,4.2644556560260367e-4,1.1881070484450649e-4,3.0763486075809717e-4,3.5855373426288564e-4,4.179590866851389e-4,3.0975648048746335e-4,2.2277007158344968e-4,1.4639176132626692e-4,1.1244584565640792e-4,2.673240859001396e-4,1.2729718376197123e-4,0.016639828234031134,0.017176596886741814,0.011808910359634998,0.015566290928609769,0.01610305958132045,0.015566290928609769,0.016639828234031134,0.01610305958132045,0.015029522275899088,0.014492753623188406,0.017713365539452495,0.013955984970477724
K,30x,DNA9,2699,2.0795287963482303e-4,2.9582029356502995e-4,7.175838804300231e-5,2.343131038138851e-4,2.650666986894575e-4,2.723889831836414e-4,2.1966853482551727e-4,1.6694808646739313e-4,1.1715655190694255e-4,7.175838804300231e-5,1.9477276754529198e-4,8.93318708290437e-5,0.01333827343460541,0.015190811411633939,0.00889218228973694,0.011115227862171175,0.014079288625416821,0.011115227862171175,0.016302334197851057,0.013708781030011115,0.010744720266765468,0.00889218228973694,0.014449796220822526,0.008151167098925528
K,35x,DNA1,573,0.0013519758851648239,0.001248508342932822,4.3456367737440766e-4,0.0012967931959744227,0.0012347126706352216,0.0014278520828016252,0.0013450780490160236,0.0010553689307664185,8.208425017072144e-4,4.483593496720079e-4,0.0013795672297600243,7.104771233264125e-4,0.06806282722513089,0.07155322862129145,0.0506108202443281,0.07155322862129145,0.06631762652705062,0.07329842931937172,0.07155322862129145,0.06980802792321117,0.06980802792321117,0.06457242582897033,0.07329842931937172,0.06631762652705062
K,35x,DNA2,453,0.0024866723089406774,0.0028182286167994348,8.027152716580432e-4,0.0024866723089406774,0.0025651988029072254,0.0030974339286804933,0.0022947186570224497,0.0020416888431302404,0.0013960265594052928,9.161424296097233e-4,0.002434321312962979,0.0012389735714721972,0.1368653421633554,0.1479028697571744,0.09492273730684327,0.1346578366445916,0.1390728476821192,0.1368653421633554,0.1390728476821192,0.13024282560706402,0.13245033112582782,0.11699779249448124,0.1456953642384106,0.12141280353200883
K,35x,DNA3,1913,6.425699492142464e-4,6.59099079740658e-4,2.4173853394876795e-4,6.136439707930263e-4,7.066203300040909e-4,6.962896234250838e-4,5.867841336876077e-4,5.000061984239474e-4,3.574424476336483e-4,2.2934168605395934e-4,6.198423947404307e-4,2.9959049079120815e-4,0.03397804495556717,0.03606900156821746,0.02561421850496602,0.035023523261892314,0.035023523261892314,0.03397804495556717,0.03606900156821746,0.03397804495556717,0.03397804495556717,0.03136434918975431,0.03763721902770518,0.030841610036591742
K,35x,DNA4,2176,6.611822447137208e-4,6.847958963106394e-4,2.3795295070741052e-4,7.0114380895466e-4,7.0114380895466e-4,7.320231995044766e-4,6.684479836666188e-4,5.013359877499642e-4,3.57837643430228e-4,2.125228643722674e-4,6.557329404990473e-4,2.9971173180704376e-4,0.03768382352941176,0.03722426470588235,0.02665441176470588,0.03722426470588235,0.03860294117647059,0.03630514705882353,0.03860294117647059,0.034466911764705885,0.03676470588235294,0.029411764705882353,0.035845588235294115,0.03262867647058824
PHU,15x,DNA1,47,0.006139096795896056,0.005634513497603229,0.0010932638129677907,0.004961735766546127,0.0053822218484568165,0.004961735766546127,0.00336388865528551,0.0037843747371961987,0.0021865276259355813,0.001681944327642755,0.00336388865528551,0.002018333193171306,0.40425531914893614,0.2127659574468085,0.19148936170212766,0.2127659574468085,0.23404255319148937,0.2127659574468085,0.23404255319148937,0.2978723404255319,0.2127659574468085,0.1702127659574468,0.40425531914893614,0.19148936170212766
PHU,15x,DNA2,39,0.013476542709494376,0.014591143986219475,0.004762387273279968,0.012969905765528422,0.015300435707771811,0.016617691762083293,0.011956631877596515,0.01023406626811227,0.005876988550005066,0.004762387273279968,0.011044685378457797,0.005471678994832303,0.6666666666666666,0.6666666666666666,0.46153846153846156,0.6666666666666666,0.6666666666666666,0.6666666666666666,0.6666666666666666,0.6666666666666666,0.6410256410256411,0.6153846153846154,0.717948717948718,0.6410256410256411
PHU,15x,DNA3,7,0.003952569169960474,0.0033879164313946925,5.64652738565782e-4,0.002258610954263128,0.002258610954263128,0.00282326369282891,0.002258610954263128,0.002258610954263128,0.0016939582156973462,5.64652738565782e-4,0.0016939582156973462,0.0016939582156973462,0.14285714285714285,0.42857142857142855,0.14285714285714285,0.14285714285714285,0.14285714285714285,0.14285714285714285,0.2857142857142857,0.14285714285714285,0.14285714285714285,0.14285714285714285,0.14285714285714285,0.14285714285714285
PHU,15x,DNA4,39,0.002533954996959254,0.0022298803973241437,7.095073991485911e-4,0.002027163997567403,0.001317656598418812,0.002533954996959254,0.002331238597202514,0.002027163997567403,0.0014190147982971822,8.108655990269613e-4,0.002331238597202514,0.0011149401986620718,0.1282051282051282,0.1282051282051282,0.07692307692307693,0.1282051282051282,0.1282051282051282,0.1282051282051282,0.1794871794871795,0.20512820512820512,0.1282051282051282,0.10256410256410256,0.1282051282051282,0.10256410256410256
PHU,20x,DNA1,1316,4.805569655230412e-4,5.075882948337122e-4,1.4116360862239335e-4,4.4751867414333213e-4,5.045848137991933e-4,5.256091810408263e-4,3.784386103493949e-4,3.4840380000420487e-4,2.5529588793411567e-4,1.591844948295074e-4,3.544107620732429e-4,1.982297482782545e-4,0.02507598784194529,0.023556231003039513,0.0182370820668693,0.022796352583586626,0.023556231003039513,0.022796352583586626,0.0243161094224924,0.023556231003039513,0.023556231003039513,0.020516717325227963,0.026595744680851064,0.02127659574468085
PHU,20x,DNA2,1228,6.437388351545778e-4,7.145501070215814e-4,2.059964272494649e-4,6.405201409788049e-4,7.53174437130856e-4,8.014548497674494e-4,5.632714807602556e-4,4.860228205417062e-4,3.18650723401516e-4,2.1565250977678357e-4,4.6992934966284176e-4,2.7037031076492267e-4,0.03013029315960912,0.030944625407166124,0.021172638436482084,0.030944625407166124,0.030944625407166124,0.030944625407166124,0.03013029315960912,0.03013029315960912,0.030944625407166124,0.028501628664495113,0.030944625407166124,0.02768729641693811
PHU,20x,DNA3,1597,2.277002277002277e-4,1.6087516087516087e-4,5.445005445005445e-5,1.98000198000198e-4,1.9552519552519553e-4,2.079002079002079e-4,1.4355014355014355e-4,1.2622512622512624e-4,1.0642510642510642e-4,4.455004455004455e-5,1.7077517077517077e-4,5.94000594000594e-5,0.010018785222291797,0.010644959298685034,0.007514088916718848,0.010018785222291797,0.011271133375078271,0.011271133375078271,0.011271133375078271,0.011897307451471509,0.010018785222291797,0.008766437069505322,0.010018785222291797,0.0068879148403256105
PHU,20x,DNA4,1594,2.3804741606968838e-4,2.3804741606968838e-4,7.686947810583687e-5,2.1077114964503657e-4,1.9589318614068106e-4,2.5788470074216243e-4,2.2812877373345135e-4,1.6613725913197002e-4,1.3142201095514046e-4,5.207287226524433e-5,2.3060843431751062e-4,9.670676277831091e-5,0.012547051442910916,0.013174404015056462,0.008155583437892095,0.01191969887076537,0.012547051442910916,0.01191969887076537,0.012547051442910916,0.012547051442910916,0.01191969887076537,0.008155583437892095,0.01191969887076537,0.011292346298619825
PHU,25x,DNA1,29104,2.1729352226280784e-5,2.6075222671536937e-5,4.889104250913176e-6,2.2000969129109292e-5,2.5939414220122683e-5,2.7025881831436722e-5,2.0507076163552487e-5,2.023545926072398e-5,1.1543718370211666e-5,8.963357793340823e-6,1.969222545506696e-5,1.0185633856069117e-5,0.001408741066520066,0.0012369433754810335,6.871907641561297e-4,0.0011682242990654205,0.0012369433754810335,0.0012369433754810335,0.001408741066520066,0.00127130291368884,0.0011338647608576142,0.0012369433754810335,0.0015805387575590984,0.0010995052226498076
PHU,25x,DNA2,18418,3.3692758524858066e-5,4.721278264629793e-5,1.2232402776540826e-5,3.6268001214656135e-5,4.7641989761264274e-5,4.6783575531331586e-5,3.648260477213931e-5,3.5624190542206616e-5,2.0816545075867724e-5,1.63098703687211e-5,3.455117275479075e-5,1.695368104117062e-5,0.0019546096210229123,0.0024975567379737214,0.0013573677923770225,0.002117493756108155,0.002551851449668802,0.002226083179498317,0.0026061461613638833,0.0023889673145835594,0.002117493756108155,0.002008904332717993,0.0023889673145835594,0.0018460201976327505
PHU,25x,DNA3,40345,1.1364431250383304e-5,1.1756308190051694e-5,5.192369450606165e-6,1.0286769666295232e-5,1.1364431250383304e-5,1.1266462015466207e-5,1.2148185129720084e-5,8.915200377455868e-6,4.8984617458548725e-6,4.99643098077197e-6,8.915200377455868e-6,3.722830926849703e-6,6.196554715578138e-4,8.675176601809394e-4,6.196554715578138e-4,6.444416904201264e-4,8.427314413186268e-4,6.940141281447515e-4,0.001388028256289503,7.683727847316892e-4,5.700830338331887e-4,6.940141281447515e-4,6.692279092824389e-4,5.452968149708762e-4
PHU,25x,DNA4,19578,2.3620916988224063e-5,1.9986929759266516e-5,1.0498185328099584e-5,2.240958791190488e-5,2.261147609129141e-5,2.5236022423316307e-5,2.2005811553131822e-5,1.8573712503560803e-5,1.1507626225032237e-5,1.0498185328099584e-5,2.0390706118039578e-5,8.88307989300734e-6,0.001225865767698437,0.001481254469302278,0.0012769435080192053,0.0013280212483399733,0.001481254469302278,0.0011747880273776689,0.0013280212483399733,0.001225865767698437,0.001225865767698437,0.0012769435080192053,0.001225865767698437,0.0010215548064153642
PHU,30x,DNA1,35745,5.119704326570348e-5,5.396146244851684e-5,2.156246962594423e-5,4.8543200850202646e-5,5.4072039215829375e-5,5.727876546789288e-5,5.838453314101822e-5,4.511532106351408e-5,2.5100926179945333e-5,1.7581706002692987e-5,5.0754736196453336e-5,2.21153534625069e-5,0.0030493775353196253,0.004616030214015947,0.0028255700097915793,0.0030214015946286193,0.00400055951881382,0.003944607637431809,0.005259476849909078,0.00419639110365086,0.002769618128409568,0.002657714365645545,0.0038606798153587914,0.002657714365645545
PHU,30x,DNA2,31182,4.86750190802272e-5,6.350568895623394e-5,2.0534773674470853e-5,4.72806825961582e-5,5.197072349711759e-5,5.6660764398076984e-5,5.818185874433408e-5,5.209748135930568e-5,3.004161333857773e-5,1.964746863915421e-5,5.03228712886724e-5,2.636563533512307e-5,0.0028862805464691167,0.006029119363735488,0.0024693733564235777,0.0029824898980180875,0.0038163042781091654,0.0035597460073119105,0.004265281252004361,0.00580463087678789,0.0027900711949201463,0.0027259316272208326,0.003527676223462254,0.002597652491822205
PHU,30x,DNA3,23973,3.0337144601999744e-5,3.709705182309752e-5,1.4838820729239007e-5,3.215077824668451e-5,3.9405312825423585e-5,3.924043703954315e-5,3.2480529818445376e-5,2.9347889886717146e-5,1.648757858804334e-5,1.2530559726912938e-5,3.215077824668451e-5,1.351981444219554e-5,0.0017102573728778208,0.003128519584532599,0.0020022525341008633,0.002544529262086514,0.003253660367913903,0.002878238017769991,0.0028365244233095567,0.0027948108288491217,0.0016268301839569516,0.0017936845617986903,0.0023776748842447753,0.0016685437784173863
PHU,30x,DNA4,26580,4.654455734267159e-5,5.665647395385903e-5,1.9480309942140505e-5,4.713937596685908e-5,5.442590411315592e-5,5.8440929826421516e-5,5.769740654618714e-5,4.342175956568723e-5,2.914611258518732e-5,2.1562175126796743e-5,4.728808062290596e-5,2.3495335655406106e-5,0.002934537246049661,0.003837471783295711,0.0024078254326561324,0.0030474040632054175,0.0036493604213694505,0.0035741158765989467,0.004213694507148232,0.0034988713318284425,0.0028592927012791574,0.002708803611738149,0.00327313769751693,0.002257336343115124
PHU,35x,DNA1,39690,1.43403784425871e-5,2.828241303954678e-5,8.663978642396372e-6,1.4041620558366535e-5,2.55935920815617e-5,2.25064272779492e-5,2.9676616499242747e-5,2.151056766388065e-5,6.1743296072250014e-6,9.659838256464921e-6,2.4298974583272587e-5,5.477227877377017e-6,0.0017132779037540942,0.0036785084404132025,0.0016124968505920887,0.0017384731670445955,0.0034265558075081883,0.0028974552784076595,0.004383975812547241,0.0032249937011841773,6.802721088435374e-4,0.0017132779037540942,0.0034517510707986897,7.558578987150416e-4
PHU,35x,DNA2,33177,2.8950001322407467e-5,4.0982717921432794e-5,1.1794444983203042e-5,2.6805556780006914e-5,3.8600001763209956e-5,4.062531049769937e-5,4.24123476163665e-5,3.323889040720857e-5,1.620246987591529e-5,1.7155556339204425e-5,3.5979013989164836e-5,1.5845062452181865e-5,0.002351026313409892,0.0037375290110618804,0.0018687645055309402,0.002351026313409892,0.0034963981071224042,0.003164843114205624,0.005063748982728999,0.003948518552008922,0.001627633601591464,0.0024715917653796303,0.0035566808331072733,0.0018687645055309402
PHU,35x,DNA3,45088,1.1746920487812789e-5,3.261085389153998e-5,8.766358572994619e-6,1.446449164544112e-5,2.9104310462342135e-5,2.4633467590114878e-5,4.050057660723514e-5,2.29678594612459e-5,6.66243251547591e-6,8.415704230074834e-6,2.5685430618874233e-5,7.013086858395695e-6,0.0013085521646557842,0.005145493257629525,0.0017743080198722497,0.0021735273243435062,0.004103087295954578,0.00348207948899929,0.006054826117814053,0.0035707948899929027,8.206174591909156e-4,0.001596877217885025,0.0037038679914833217,8.649751596877217e-4
PHU,35x,DNA4,35547,1.7568433217103692e-5,4.0140534122622994e-5,1.1786417221601211e-5,1.9792285523066185e-5,3.0022006130493653e-5,2.8576502131618033e-5,3.8250259662554873e-5,2.8131731670425533e-5,9.896142761533092e-6,8.117060916763098e-6,2.1460174752538054e-5,7.561097840272475e-6,0.0018004332292457872,0.006357779840774186,0.0023912003825920613,0.0020817509213154417,0.004247897150251779,0.00331954876642192,0.0052887726109095,0.005119981995667707,0.0013784566911413058,0.001519115537176133,0.003150758151180128,9.846119222437898e-4
PL,15x,DNA1,443,2.5873913741724806e-4,1.516746667618351e-4,8.922039221284417e-5,2.4089505897467926e-4,1.8736282364697275e-4,2.2305098053211042e-4,1.9628486286825717e-4,1.7844078442568834e-4,8.922039221284417e-5,6.245427454899092e-5,1.6951874520440392e-4,7.137631377027534e-5,0.01580135440180587,0.013544018058690745,0.011286681715575621,0.009029345372460496,0.01580135440180587,0.011286681715575621,0.01805869074492099,0.013544018058690745,0.011286681715575621,0.011286681715575621,0.01580135440180587,0.009029345372460496
PL,15x,DNA2,710,5.90101876078606e-4,7.682458386683739e-4,8.907198129488393e-5,6.235038690641874e-4,7.125758503590715e-4,7.849468351611646e-4,4.119579134888382e-4,5.232978901074431e-4,3.228859321939542e-4,1.7814396258976787e-4,3.6742192284139623e-4,3.17318933363024e-4,0.035211267605633804,0.030985915492957747,0.011267605633802818,0.028169014084507043,0.028169014084507043,0.035211267605633804,0.030985915492957747,0.029577464788732393,0.028169014084507043,0.02676056338028169,0.028169014084507043,0.028169014084507043
PL,15x,DNA3,650,5.229553055640013e-4,6.932198236546062e-4,8.513225904530253e-5,6.202493159014898e-4,5.837640620249316e-4,6.993006993006993e-4,5.472788081483734e-4,4.682274247491639e-4,2.8580115536637273e-4,1.2769838856795378e-4,4.195804195804196e-4,2.979629066585588e-4,0.027692307692307693,0.026153846153846153,0.012307692307692308,0.026153846153846153,0.026153846153846153,0.026153846153846153,0.026153846153846153,0.026153846153846153,0.026153846153846153,0.023076923076923078,0.027692307692307693,0.026153846153846153
PL,15x,DNA4,866,4.6097882692298914e-4,4.1990150571202974e-4,1.0041122962678972e-4,4.5641468012177144e-4,4.2902979931446514e-4,4.746712673266423e-4,2.601563676694097e-4,3.377468632901109e-4,2.2820734006088572e-4,1.0041122962678972e-4,2.921053952779337e-4,2.0995075285601487e-4,0.021939953810623556,0.019630484988452657,0.011547344110854504,0.019630484988452657,0.019630484988452657,0.023094688221709007,0.020785219399538105,0.020785219399538105,0.019630484988452657,0.017321016166281754,0.020785219399538105,0.018475750577367205
PL,20x,DNA1,18766,6.108093455514861e-6,7.793084753587926e-6,1.895615210332198e-6,5.6868456309965945e-6,7.371836929069659e-6,8.214332578106191e-6,8.214332578106191e-6,6.950589104551393e-6,3.791230420664396e-6,1.895615210332198e-6,6.529341280033127e-6,2.948734771627864e-6,4.2630288820206754e-4,4.79590749227326e-4,2.664393051262922e-4,3.730150271768091e-4,4.79590749227326e-4,4.79590749227326e-4,6.927421933283598e-4,4.79590749227326e-4,3.730150271768091e-4,2.664393051262922e-4,5.861664712778429e-4,2.664393051262922e-4
PL,20x,DNA2,16563,1.885242654593477e-5,2.5534299245759757e-5,6.681872699824983e-6,2.1000171342307088e-5,2.625021417788386e-5,2.5295660935051722e-5,1.7181958370978528e-5,1.7897873303102632e-5,1.026144736044551e-5,7.397787631949088e-6,1.4318298642482106e-5,8.352340874781229e-6,0.0010263841091589687,0.001267886252490491,7.245064299945662e-4,0.0010867596449918493,0.0014490128599891324,0.0010867596449918493,0.0013886373241562518,0.0010867596449918493,0.0010867596449918493,0.0010263841091589687,0.0010263841091589687,9.660085733260883e-4
PL,20x,DNA3,20992,1.4121692840753623e-5,2.0900105404315362e-5,1.694603140890435e-6,1.6004585219520774e-5,1.6946031408904347e-5,1.920550226342493e-5,1.318024665137005e-5,1.092077579684947e-5,8.096437228698744e-6,5.083809422671305e-6,9.791040369589178e-6,6.590123325685025e-6,7.621951219512195e-4,0.001048018292682927,3.3346036585365856e-4,6.669207317073171e-4,6.669207317073171e-4,8.098323170731707e-4,0.0010003810975609756,7.621951219512195e-4,7.145579268292683e-4,7.621951219512195e-4,8.57469512195122e-4,6.192835365853659e-4
PL,20x,DNA4,23225,9.530406250585013e-6,7.14780468793876e-6,2.5527873885495574e-6,9.700592076488318e-6,7.828547991551976e-6,8.168919643358584e-6,1.0721707031908141e-5,6.807433036132153e-6,6.296875558422241e-6,3.2335306921627726e-6,1.0891892857811445e-5,4.254645647582595e-6,5.166846071044134e-4,6.458557588805167e-4,4.736275565123789e-4,5.597416576964478e-4,6.458557588805167e-4,5.597416576964478e-4,7.319698600645856e-4,6.458557588805167e-4,6.458557588805167e-4,6.027987082884822e-4,6.889128094725511e-4,4.736275565123789e-4
PL,25x,DNA1,36349,3.088197843002546e-5,3.838499431619362e-5,9.35158501754292e-6,3.175189331537829e-5,3.5557770938796924e-5,3.903743048020824e-5,3.120819651203277e-5,2.4248877429210132e-5,1.4462334968990796e-5,1.0982675427579476e-5,2.5118792314562963e-5,1.076519670624127e-5,0.001843241904866709,0.0019257751244876062,0.0011554650746925638,0.0017056865388318798,0.0017882197584527773,0.001815730831659743,0.0022008858565572644,0.002063330490522435,0.0014855979531761534,0.0014305758067622218,0.0018982640512806405,0.0012379982943134611
PL,25x,DNA2,52433,3.1057899916068284e-5,3.377169699611309e-5,8.970607014592539e-6,2.939946836715202e-5,3.098251666384482e-5,3.739009310283949e-5,3.0680983654950954e-5,2.4876473233744015e-5,1.5528949958034142e-5,1.1156721329073074e-5,3.0379450646057087e-5,1.2212086860201609e-5,0.0016783323479488109,0.002002555642438922,0.0012015333854633531,0.0017164762649476476,0.0018881238914424123,0.0018499799744435756,0.0020979154349360135,0.001811836057444739,0.0015257566799534645,0.0015829725554517193,0.0020406995594377587,0.0012778212194610266
PL,25x,DNA3,36940,4.2157866443879104e-5,4.772184881718295e-5,1.1127964746607683e-5,4.2371865765929255e-5,4.397686068130536e-5,5.039684034280979e-5,4.01248728844027e-5,3.060190305317113e-5,2.075793423886433e-5,1.3481957289159308e-5,3.616588542647497e-5,1.7226945425036893e-5,0.002246886843530049,0.002490525175961018,0.001488900920411478,0.002246886843530049,0.0025717379534380075,0.002382241472658365,0.0027070925825663237,0.0024634542501353546,0.002138603140227396,0.0019761775852734165,0.0023010286951813752,0.0018678938819707634
PL,25x,DNA4,40566,4.1604957518123e-5,4.179982851352405e-5,1.0328162756255359e-5,4.1604957518123e-5,3.9558812066412036e-5,4.4138280458336584e-5,3.663574713539637e-5,3.137423025956817e-5,2.3189648452724298e-5,1.1594824226362149e-5,3.478447267908644e-5,1.9487099540104452e-5,0.0021200019720948576,0.0023911650150372234,0.0015283735147660603,0.0021693043435389242,0.0024404673864812897,0.0023172114578711234,0.0027362816151456884,0.002267909086427057,0.0020953507863728247,0.0017009318148202928,0.002267909086427057,0.001947443672040625
PL,30x,DNA1,71959,2.664010053589446e-5,6.92642613933256e-5,1.7247405295403835e-5,2.9935783076417485e-5,5.6466027527627846e-5,5.7839228586179105e-5,6.882483705458919e-5,3.954819048627631e-5,1.4281291008933113e-5,1.6423484660273078e-5,4.5150850805165455e-5,1.2084169315251094e-5,0.00294612209730541,0.009130199141177615,0.0033213357606414764,0.0034464069817534983,0.007434789254992426,0.007559860476104448,0.00995011047957865,0.006072902625105963,0.0017232034908767492,0.0029322252949596297,0.007156853208076822,0.0016259258744562876
PL,30x,DNA10,80278,2.2993222218463874e-5,7.867916296596417e-5,1.6838719483329004e-5,2.7178284078355582e-5,5.5981356878786775e-5,5.627677301007325e-5,7.405097690914276e-5,4.6823456808906086e-5,9.896440398096871e-6,1.738031572402087e-5,5.07623385593924e-5,1.137352105452924e-5,0.0034131393407907523,0.012568823338897332,0.00374947058970079,0.004110715264456015,0.008109320112608684,0.008894093026732107,0.012357059219213234,0.008146690251376466,0.0013826951344079325,0.00368718702508782,0.008520391639054286,0.0018934203642342858
PL,30x,DNA2,74451,2.7234905358969323e-5,8.642968016452644e-5,1.831587202503785e-5,2.8084337105058038e-5,5.6168674210116076e-5,5.744282182924914e-5,7.538706746537317e-5,6.0999817265995625e-5,1.1467328572197611e-5,1.900603531873493e-5,5.696501647207424e-5,1.3166192064375035e-5,0.003492229788720098,0.013807739318477926,0.003559388053887792,0.0035459564008542533,0.008058991820123302,0.007964970248888531,0.011255725242105545,0.011188566976937852,0.0014506185276221945,0.003532524747820714,0.00844850975809593,0.002001316301997287
PL,30x,DNA3,55867,2.29936062209803e-5,5.546765316076479e-5,1.627239824869375e-5,2.455009648824666e-5,4.053949650652835e-5,4.273273279222185e-5,6.360385228511166e-5,3.8983006239261985e-5,1.0046437179628316e-5,1.4149911520603261e-5,4.7402203594020926e-5,9.338941603598153e-6,0.0029892423076234628,0.00825174074140369,0.0031324395439168025,0.0032219378166001397,0.005405695670073567,0.005871086688026921,0.009952207922387098,0.0064438756332002795,0.001378273399323393,0.0025596505987434443,0.00784004868706034,0.001252975817566721
PL,30x,DNA4,67743,2.2113313988754068e-5,5.4437261085771886e-5,1.534512289984781e-5,2.6722685506198846e-5,4.300135200451648e-5,3.9908988834585175e-5,5.8346474904364294e-5,3.967560293496772e-5,9.393782459602651e-6,1.2486145629533959e-5,4.224284783075975e-5,1.1319216131446673e-5,0.002642339429904197,0.007956541635298112,0.0030113812497232187,0.0033656613967494795,0.00590466911710435,0.005210870495844589,0.009240807168268307,0.00640656599205822,0.0012252188417991527,0.002509484374769349,0.006731322793498959,0.0018009240807168269
PL,30x,DNA5,54897,2.959188471001717e-5,6.87597321120837e-5,1.3967945580884016e-5,3.355186928191728e-5,5.443178793375421e-5,5.054380308134319e-5,6.0623763809816196e-5,4.773581402126857e-5,1.4903941934242225e-5,1.3247948385993089e-5,4.291183281549935e-5,1.4687942775774946e-5,0.0025320144998815966,0.009126181758566042,0.0025684463631892454,0.003388163287611345,0.0061205530356850104,0.005136892726378491,0.008852942783758675,0.007814634679490683,0.0016576497804980236,0.0025684463631892454,0.006521303532069147,0.0019855365502668633
PL,30x,DNA6,54244,3.184261789747493e-5,6.725568951800769e-5,1.8289467030357456e-5,3.402860997281646e-5,6.222790774472218e-5,6.0624846889471726e-5,6.652702549289386e-5,5.122508096550315e-5,1.5447677332413467e-5,1.617634135752731e-5,4.466710473947856e-5,1.53019445273907e-5,0.0035211267605633804,0.008240542732836812,0.0035211267605633804,0.003963572007964014,0.007669050954944326,0.006968512646559988,0.009918147629230883,0.008056190546419881,0.002064744487869626,0.0027468475776122707,0.005973010839908561,0.0021200501437947054
PL,30x,DNA7,71363,2.2320894484091573e-5,6.696268345227471e-5,1.3569774562288921e-5,2.3871725862638878e-5,3.8992331803475105e-5,4.2370928735310306e-5,5.4888353433584984e-5,4.591568617198986e-5,1.0246564465401839e-5,1.218510368858597e-5,3.7773821434616507e-5,1.046811180519431e-5,0.0029847399913120244,0.010145313397699088,0.002886649944649188,0.002620405532278632,0.005030618107422614,0.005619158387399633,0.008898168518700168,0.008351666830150078,0.0013312220618527809,0.002256071073245239,0.006123621484522792,0.00179364656754901
PL,30x,DNA8,58729,2.7055313781404774e-5,8.082943246633616e-5,1.2248923154765346e-5,3.210294694957731e-5,4.987061570154462e-5,5.707190568813744e-5,6.662875781987743e-5,5.6937302136986166e-5,1.2989242686097317e-5,1.9181006039055623e-5,4.697663935179237e-5,1.3662260441853655e-5,0.00333736314257011,0.01253213914761021,0.0026051865347613617,0.004052512387406562,0.005874440225442285,0.007662313337533417,0.010999676480103526,0.010437773502017742,0.0015154353045343867,0.0035927735871545572,0.007628258611588824,0.002026256193703281
PL,30x,DNA9,76596,2.430491428337889e-5,6.393585731869733e-5,1.3984356201264712e-5,2.5646586834053734e-5,4.4739619285964963e-5,4.659731974074552e-5,6.032366198995738e-5,3.8547284436696454e-5,1.217825853689473e-5,1.604846781768755e-5,4.5823277884586955e-5,1.1610627842378451e-5,0.0032508224972583426,0.009217191498250562,0.0029766567444775185,0.003107211864849339,0.006240534753773043,0.006540811530628231,0.009687189931589117,0.006553867042665413,0.0014883283722387593,0.003185544937072432,0.0075199749334168885,0.0017494386129824012
PL,35x,DNA1,34601,3.5297903453037396e-5,1.5592763175856326e-4,3.107129365445363e-5,4.843466363782478e-5,9.104345971543949e-5,1.1343306837820755e-4,1.384500290779331e-4,1.0029630819342017e-4,1.485025064367269e-5,3.769679009547683e-5,1.081783643042926e-4,1.7020671891594085e-5,0.005404468078957256,0.024536863096442298,0.006676107626947198,0.008265657061934627,0.013612323343255975,0.01820756625531054,0.02375653882835756,0.019161295916302997,0.00205196381607468,0.008236756163116673,0.0182942689517644,0.002803387185341464
PL,35x,DNA2,50927,4.24539995004864e-5,1.9861020972896653e-4,3.671067964118842e-5,4.726597019341173e-5,1.1494400961649059e-4,1.1866940628198117e-4,1.7548170543071252e-4,9.802449976072088e-5,1.513442395355548e-5,3.94271147097753e-5,1.272067736403971e-4,1.552248610621075e-5,0.006931490172207277,0.030828440709250497,0.007677656253068117,0.007893651697527834,0.01912541480943311,0.020480295324680424,0.029336108547528817,0.01755453884972608,0.0021599544445971685,0.008522002081410646,0.02305260470870069,0.0022974060910715337
PL,35x,DNA3,38370,5.2536076059876706e-5,1.7924073008663817e-4,4.213187276174426e-5,6.026196959809387e-5,1.1691852221168639e-4,1.2680766594060436e-4,1.7007266975462048e-4,1.1187093843338452e-4,2.6371049943781246e-5,4.481018252165954e-5,1.351516309618789e-4,2.4619847408452026e-5,0.006567630961688819,0.025645035183737296,0.008861089392754757,0.008861089392754757,0.018842845973416733,0.01965076882981496,0.025749283294240293,0.019077404222048476,0.0030492572322126663,0.009304143862392493,0.020145947354704197,0.002971071149335418
PL,35x,DNA4,39577,4.5940337283969306e-5,2.0493385240588047e-4,4.254474713689332e-5,5.442931265165929e-5,1.2343968887605666e-4,1.3532425439082265e-4,2.0373540882455955e-4,1.2174189380251866e-4,2.326977953731489e-5,3.825032430382662e-5,1.50704280351108e-4,1.687808043693655e-5,0.006468403365591126,0.031230259999494657,0.008818253025747277,0.00818657300957627,0.019733683705182303,0.021628723753695327,0.03454026328423074,0.0223614725724537,0.003689011294438689,0.008413977815397832,0.026631629481769715,0.002930995275033479
Q5,15x,DNA1,62,0.00235879127884738,0.001402524544179523,5.73760040800714e-4,0.002040035700624761,0.0012750223128904757,0.0018487823536911896,0.0017850312380466658,0.001147520081601428,0.0010837689659569042,2.550044625780951e-4,0.0019125334693357134,9.562667346678567e-4,0.0967741935483871,0.0967741935483871,0.06451612903225806,0.0967741935483871,0.0967741935483871,0.0967741935483871,0.0967741935483871,0.0967741935483871,0.0967741935483871,0.04838709677419355,0.0967741935483871,0.0967741935483871
Q5,15x,DNA2,68,0.003138804929086259,0.002499418739827947,8.718902580795164e-4,0.0032550569634968614,0.002615670774238549,0.003022552894675657,0.0028481748430597537,0.0022087886538014415,0.001220646361311323,9.881422924901185e-4,0.0027319228086491515,0.0010462683096954196,0.16176470588235295,0.16176470588235295,0.11764705882352941,0.16176470588235295,0.14705882352941177,0.16176470588235295,0.16176470588235295,0.16176470588235295,0.14705882352941177,0.14705882352941177,0.16176470588235295,0.14705882352941177
Q5,15x,DNA3,83,0.001571503404924044,0.0016667460355255011,5.714557836087432e-4,0.0020000952426306013,0.0017619886661269584,0.0020000952426306013,0.0020477165579313302,0.0017143673508262299,0.0012857755131196725,6.666984142102005e-4,0.0020477165579313302,9.048049907138435e-4,0.0963855421686747,0.10843373493975904,0.08433734939759036,0.10843373493975904,0.10843373493975904,0.10843373493975904,0.10843373493975904,0.14457831325301204,0.10843373493975904,0.08433734939759036,0.10843373493975904,0.0963855421686747
Q5,15x,DNA4,109,0.0043877143996808934,0.00565688798636545,0.0016680567139282735,0.005801936396272256,0.006092033216085869,0.006418392138376183,0.0074699931102005295,0.004641549117017804,0.003517423940240055,0.0020306777386952897,0.005983246908655764,0.003227327120426442,0.24770642201834864,0.3211009174311927,0.27522935779816515,0.3211009174311927,0.3119266055045872,0.3211009174311927,0.3211009174311927,0.3211009174311927,0.3211009174311927,0.3119266055045872,0.3211009174311927,0.29357798165137616
Q5,20x,DNA1,818,1.4012775785923442e-4,1.0147182465668699e-4,6.281589145413957e-5,1.4979174115987127e-4,1.4495974950955284e-4,1.1596779960764227e-4,1.3046377455859756e-4,9.663983300636856e-5,7.731186640509485e-5,4.831991650318428e-5,1.2563178290827913e-4,5.798389980382114e-5,0.007334963325183374,0.007334963325183374,0.006112469437652812,0.007334963325183374,0.007334963325183374,0.007334963325183374,0.007334963325183374,0.007334963325183374,0.007334963325183374,0.006112469437652812,0.007334963325183374,0.007334963325183374
Q5,20x,DNA2,1615,1.3950278271340254e-4,1.272656965104725e-4,2.9369006887032116e-5,1.3460794823223052e-4,1.1992344478871447e-4,1.3705536547281653e-4,1.272656965104725e-4,1.272656965104725e-4,1.0523894134519842e-4,5.629059653347822e-5,1.4195019995398857e-4,8.076476893933831e-5,0.00804953560371517,0.00804953560371517,0.0043343653250774,0.00804953560371517,0.00804953560371517,0.00804953560371517,0.0086687306501548,0.00804953560371517,0.00804953560371517,0.006811145510835914,0.00804953560371517,0.006811145510835914
Q5,20x,DNA3,1151,2.7815551984176044e-4,4.3268636419829397e-4,2.747215010782819e-5,2.712874823148034e-4,3.2279776376698124e-4,3.5713795140176644e-4,4.052142140904658e-4,8.585046908696309e-5,2.4038131344349665e-4,3.777420639826376e-5,2.026071070452329e-4,2.3694729468001812e-4,0.020851433536055605,0.022589052997393572,0.006081668114682885,0.021720243266724587,0.020851433536055605,0.022589052997393572,0.022589052997393572,0.006081668114682885,0.01998262380538662,0.006081668114682885,0.021720243266724587,0.019113814074717638
Q5,20x,DNA4,1490,1.3528963920110142e-4,1.2202594908334638e-4,5.040202244746915e-5,1.3528963920110142e-4,1.2202594908334638e-4,1.4324785327175443e-4,1.671224954837135e-4,1.0876225896559133e-4,7.162392663587722e-5,6.897118861232621e-5,1.4324785327175443e-4,5.570749849457117e-5,0.008053691275167786,0.008053691275167786,0.006040268456375839,0.008053691275167786,0.00738255033557047,0.008053691275167786,0.010067114093959731,0.008053691275167786,0.008053691275167786,0.008053691275167786,0.008053691275167786,0.006711409395973154
Q5,25x,DNA1,13308,2.1681491757914562e-5,2.2572511967143928e-5,1.0098229037932809e-5,2.0196458075865618e-5,2.5245572594832022e-5,2.3463532176373294e-5,2.4651559122012447e-5,1.7226390711767733e-5,1.2771289665620907e-5,1.0989249247162175e-5,2.3463532176373294e-5,9.207208828703443e-6,0.001127141568981064,0.0016531409678388939,0.0010519987977156598,0.001127141568981064,0.0015779981965734896,0.0012774271115118725,0.0015779981965734896,0.0014277126540426812,0.0012022843402464682,0.0014277126540426812,0.0012774271115118725,0.0012022843402464682
Q5,25x,DNA2,26552,1.905425401106933e-5,1.563044274345531e-5,5.805593018997687e-6,1.6523610900224187e-5,1.3546383710994602e-5,1.8756531292146374e-5,1.4886135946147915e-5,1.1313463319072415e-5,8.187374770381352e-6,4.763563502767333e-6,1.369524507045608e-5,7.145345254150999e-6,0.0010545344983428743,0.0011675203374510396,8.285628201265442e-4,9.038867128653209e-4,0.0010545344983428743,9.038867128653209e-4,0.0013181681229285929,9.792106056040976e-4,9.038867128653209e-4,9.038867128653209e-4,0.0010545344983428743,8.285628201265442e-4
Q5,25x,DNA3,28687,1.157372323920957e-5,1.4053806790468764e-5,4.5468198439751885e-6,1.2813765014839167e-5,1.7085020019785556e-5,1.198707049775277e-5,1.4742718888040761e-5,8.818074848921577e-6,7.164685814748781e-6,4.960167102518387e-6,9.920334205036775e-6,6.751338556205582e-6,8.714748840938405e-4,9.06333879457594e-4,7.32038902638826e-4,8.366158887300868e-4,0.0010457698609126086,7.668978980025795e-4,0.0011503468470038694,6.971799072750724e-4,6.971799072750724e-4,6.623209119113187e-4,8.017568933663332e-4,8.017568933663332e-4
Q5,25x,DNA4,28785,1.3044771991803488e-5,1.812536739913748e-5,6.179102522433231e-6,1.524178622200197e-5,1.894924773546191e-5,1.7438800452200455e-5,1.785074062036267e-5,1.3182085381190894e-5,7.2776096375324726e-6,6.865669469370258e-6,1.675223350526343e-5,5.355222186108801e-6,8.685079034219212e-4,0.0011811707486538128,7.642869550112906e-4,9.727288518325517e-4,0.0011811707486538128,9.379885356956748e-4,0.0012853916970644434,0.0010422094841063053,8.337675872850443e-4,7.642869550112906e-4,0.0010769498002431823,7.990272711481674e-4
Q5,30x,DNA1,30064,4.338570469953953e-5,5.14054864773332e-5,2.064107769038699e-5,4.075626805108259e-5,4.71983878398021e-5,5.3903451293367296e-5,5.955674008754972e-5,4.0361852553814054e-5,2.7214669311529344e-5,1.932635936615852e-5,5.074812731521897e-5,2.300757067399824e-5,0.0029603512506652476,0.004590207557211283,0.0027275146354443854,0.003093400745077169,0.0041245343267695585,0.0041245343267695585,0.005321979776476849,0.0035258116019159127,0.0024281532730175627,0.002694252261841405,0.004390633315593401,0.0021620542841937203
Q5,30x,DNA10,27401,9.477160763804343e-5,1.1150449422253816e-4,3.072504174566705e-5,9.217512523700114e-5,9.83778331950466e-5,1.1626471195778234e-4,1.143894746681407e-4,8.323168585563328e-5,5.784385793433092e-5,3.764899481511314e-5,9.46273586157633e-5,4.91889165975233e-5,0.005474252764497646,0.006532608298967191,0.003904966972008321,0.005510747782927631,0.005948688004087442,0.00609466807780738,0.0076274588518667205,0.006934053501697018,0.0052917776723477245,0.004379402211598117,0.006569103317397175,0.00474435239589796
Q5,30x,DNA2,31036,4.2663680803330365e-5,5.5526462179856835e-5,1.7065472321332145e-5,4.4573994869151126e-5,4.4701349140205846e-5,5.106906269294172e-5,5.578117072196627e-5,4.4191932055986974e-5,2.648968837938124e-5,1.6683409508167992e-5,5.23426054034889e-5,2.2414351705630283e-5,0.0027387549942002837,0.005606392576362933,0.002577651759247326,0.0030287408171156076,0.0038020363448898055,0.004027580873823947,0.0043175666967392706,0.004800876401598144,0.0024487691712849593,0.0023843278773037764,0.00409202216780513,0.0019976801134166775
Q5,30x,DNA3,8461,9.716761085866737e-5,1.1164932209241107e-4,2.8496270492205335e-5,9.343039505641094e-5,1.0370773851261613e-4,1.0183913061148792e-4,1.0464204246318025e-4,6.773703641589793e-5,5.886114888553889e-5,2.8496270492205335e-5,9.109463518000066e-5,5.091956530574396e-5,0.005909466966079659,0.007682307055903557,0.003782058858290982,0.0057912776267580665,0.006618603002009219,0.005673088287436473,0.006145845644722846,0.005082141590828507,0.005673088287436473,0.0041366268762557615,0.00555489894811488,0.005318520269471693
Q5,30x,DNA4,20695,5.882538315283045e-5,6.5128102776348e-5,2.0818073907982202e-5,5.825240864160158e-5,5.978034067154523e-5,6.780198382874938e-5,7.46776779634958e-5,5.4050595559256546e-5,3.743433473361938e-5,2.0818073907982202e-5,6.37911622501473e-5,3.34235131550173e-5,0.0035757429330756222,0.004638801642908915,0.002995892727712008,0.0037690263348634937,0.004687122493355883,0.004348876540227108,0.0053636143996134335,0.004783764194249819,0.00362406378352259,0.002995892727712008,0.004590480792461948,0.0035274220826286545
Q5,30x,DNA5,22663,4.6043293951201785e-5,6.069343293567508e-5,1.6394203149291544e-5,4.953142228083828e-5,5.232192494454748e-5,5.493802119177485e-5,5.8600555937893175e-5,4.970582869732011e-5,2.685858813820104e-5,1.726623523170067e-5,4.743854528305638e-5,2.511452397338279e-5,0.002956360587742135,0.006309844239509333,0.0024709879539337246,0.003529982791333892,0.004721351983409081,0.003662357146008913,0.004897851122975775,0.00591272117548427,0.00277986144817544,0.0025592375237170717,0.004059480210033976,0.0025592375237170717
Q5,30x,DNA6,27097,3.953005618956806e-5,4.303087297388405e-5,1.094005245098747e-5,3.80713825294364e-5,4.055112775166023e-5,4.6531689758200045e-5,4.97407718104897e-5,3.457056574512041e-5,2.4359850124198768e-5,1.3419797673211298e-5,4.098872984969973e-5,2.1296635437922276e-5,0.0028047385319408054,0.003948776617337712,0.0015499870834409714,0.0026202162601025943,0.0032844964387201536,0.0034321142561907223,0.0042071077979112075,0.003173783075617227,0.0022142672620585305,0.002324980625161457,0.0036535409823965754,0.002177362807690888
Q5,30x,DNA7,16519,1.268152526686236e-4,1.2705452673026252e-4,4.546207171139337e-5,1.1963703081945623e-4,1.189192086345395e-4,1.325578301479575e-4,1.2968654140829055e-4,9.59488987172039e-5,7.776407003264655e-5,4.4744249526476633e-5,1.268152526686236e-4,5.742577479333899e-5,0.006840607784974877,0.00738543495368969,0.005629880743386404,0.007082753193292572,0.007324898601610267,0.007445971305769114,0.007930262122404504,0.007264362249530843,0.007022216841213148,0.006114171560021793,0.007203825897451419,0.005448271687148133
Q5,30x,DNA8,17829,1.1350695019461343e-4,1.1417202998091e-4,3.6801081508409826e-5,1.0596937928325238e-4,0.00011151171083572374,1.2858209201733553e-4,9.843180837189134e-5,8.40217463354658e-5,6.0743953815086095e-5,3.5470921935816695e-5,9.710164879929821e-5,4.367357263347431e-5,0.005552751135790005,0.006169723484211117,0.004374894834258792,0.006113635088900107,0.006113635088900107,0.006169723484211117,0.006730607437321218,0.0062258118795221265,0.005608839531101016,0.004991867182679904,0.0062258118795221265,0.004711425206124852
Q5,30x,DNA9,25729,1.0139127260794944e-4,1.0215938830952482e-4,3.379709086931648e-5,9.509272385503138e-5,9.355649245188062e-5,1.0369561971267557e-4,9.586083955660675e-5,6.866954372083848e-5,5.714780819720787e-5,3.0724628063014986e-5,8.38782346120309e-5,4.501158011231695e-5,0.005829997279334603,0.006801663492557037,0.004119864744063119,0.005713397333747911,0.006218663764623576,0.006296397061681371,0.006840530141085934,0.0054801974425745265,0.005246997551401142,0.004469664580823196,0.005829997279334603,0.004780597769054374
Q5,35x,DNA1,13371,3.665537444647428e-5,6.08952188384976e-5,1.832768722323714e-5,3.103882513612742e-5,5.05489437931218e-5,4.788847306716802e-5,6.444251313976931e-5,3.872462945554945e-5,1.7145255789479908e-5,1.2415530054450968e-5,4.641043377497147e-5,1.389356934664751e-5,0.00373943609303717,0.00815197068282103,0.0029167601525689926,0.0029167601525689926,0.006805773689327649,0.005683942861416498,0.010021688729339616,0.005160421808391295,0.002019295490240072,0.002617605265126019,0.005609154139555755,0.0016453518809363549
Q5,35x,DNA2,19115,5.562341336281168e-5,7.919616103329692e-5,2.7501538948899452e-5,5.1281065107722286e-5,6.451488836132803e-5,6.844367963974225e-5,8.705374359012534e-5,6.513522382634081e-5,3.26710011573392e-5,2.3779526158822834e-5,7.257924940649404e-5,3.143033022731366e-5,0.005179178655506147,0.008579649489929375,0.003818990321736856,0.004446769552707298,0.006382422181532827,0.006016217630133403,0.008579649489929375,0.00821344493852995,0.0032958409625948207,0.003505100706251635,0.005911587758304996,0.0034004708344232276
Q5,35x,DNA3,21620,4.789871797801595e-5,7.404191137823077e-5,2.0475787837930483e-5,4.808153751228319e-5,7.788112159784272e-5,7.148243789848946e-5,8.537672250279943e-5,5.246920633469686e-5,2.6874471537283758e-5,2.011014876939601e-5,5.9416348636851845e-5,2.4132178523275212e-5,0.0038852913968547642,0.0077705827937095285,0.003469010175763182,0.00393154486586494,0.008418131359851989,0.006706753006475485,0.010083256244218316,0.005550416281221091,0.0030064754856614245,0.0037927844588344127,0.006336725254394079,0.0030064754856614245
Q5,35x,DNA4,20165,5.880336331716829e-5,9.055717950843917e-5,2.7833591970126322e-5,5.9195385739282745e-5,7.742442836760492e-5,7.918852926711996e-5,1.0349391943821619e-4,5.507915030708096e-5,2.9401681658584144e-5,2.0973199583123358e-5,8.01685853224061e-5,1.999314352783722e-5,0.00485990577733697,0.010364492933300273,0.0045127696503843295,0.0057525415323580464,0.008579221423258121,0.007785767418794942,0.012298537069179272,0.006992313414331763,0.003520952144805356,0.0031738160178527153,0.009422266303000248,0.002429952888668485
